{
  "welcome": "مرحبًا بك في تطبيق React الخاص بي!",
  "description": "هذا مثال على تطبيق React مع i18next.",
  "about-us": "من نحن",
  "contact-us": "اتصل بنا",
  "destination": "الوجهات",
  "list-your-property": "أدرج ممتلكاتك",
  "sign-in": "تسجيل الدخول",
  "sign-up": "إنشاء حساب",
  "hero-hint-1": "عيش تجربة",
  "hero-text-1": "منزل عطلتك الحلم",

  "benefit-title": "تعرف أكثر على فوائدنا",
  "benefit-desc": "لوريم إيبسوم: لوريم إيبسوم دولور سيت أميت، كونسيكتيتور أديبيسيسينغ إيليت، سيد دو إييسمود تيمبور إنسيديدنت أوت لابوري إت دولوري.",
  "benefit-title-1": "المواقع المميزة",
  "benefit-hint-1": "بوابتك لأروع وجهات دبي",
  "benefit-desc-1": "اكتشف منازل العطلات الخاصة بنا الموجودة في قلب دبي، مع سهولة الوصول إلى أبرز معالم المدينة.",
  "benefit-title-2": "الإقامات الفاخرة",
  "benefit-hint-2": "انغمس في الراحة والفخامة بلا مثيل",
  "benefit-desc-2": "استمتع بمنازل العطلات الفاخرة المصممة لتمنحك إقامة رائعة لا تُنسى في دبي.",
  "benefit-title-3": "الخدمات المخصصة",
  "benefit-hint-3": "كل ما تتمنى، هو أمرنا",
  "benefit-desc-3": "اختبر خدمات عالمية المستوى مخصصة خصيصًا لك مع فريقنا المخصص، لضمان أن تكون إقامتك استثنائية بكل معنى الكلمة.",
  "benefit-btn": "خطط لرحلتك",

  "explore-title": "اكتشف الوجهات",
  "explore-desc": "لوريم إيبسوم: لوريم إيبسوم دولور سيت أميت، كونسيكتيتور أديبيسيسينغ إيليت، سيد دو إييسمود تيمبور إنسيديدنت أوت لابوري إت دولوري.",
  "explore-title-1": "دبي - الميناء",
  "explore-desc-1": "شقة 3 غرف مشرقة + غرفة خادمة بإطلالات على كريك هاربر!",
  "explore-title-2": "دبي - وسط المدينة",
  "explore-desc-2": "شقة فاخرة 2 غرفة بإطلالات على برج خليفة والنافورة!",
  "explore-title-3": "دبي - الجميرة",
  "explore-desc-3": "شقة فاخرة 3 غرف في العنوان جي بي آر مع إطلالات على عين دبي!",
  "explore-title-4": "دبي",
  "explore-desc-4": "شقة فاخرة 3 غرف في العنوان جي بي آر مع إطلالات على عين دبي!",

  "getaway-title": "بوابتك للرحلات التي لا تُنسى",
  "getaway-desc": "التزامنا بالخدمة الاستثنائية والانتباه للتفاصيل يضمن أن تكون إقامتك معنا غير عادية. تعال، استكشف عالم منازل العطلات الخاصة بنا، ودعنا نكون جزءًا من قصة سفرك. مرحبًا بك في فورشور هوليداي هومز، حيث كل إقامة هي مغامرة جديدة تنتظر أن تُكتب.",

  "list-title": "مالك العقار - أدرج منزل عطلتك",
  "list-desc": "تفكر في جعل عقارك استثمارًا؟ انضم إلى مجتمعنا من مالكي منازل العطلات وحول مساحتك إلى أصول مربحة. دبي مدينة تعتمد على السياحة، ولم يكن هناك وقت أفضل لتكون جزءًا من هذا السوق الديناميكي.",
  "list-title-1": "إدارة سلسة لممتلكاتك",
  "list-desc-1": "شقة 3 غرف مشرقة + غرفة خادمة بإطلالات على كريك هاربر!",
  "list-title-2": "الوصول إلى جمهور عالمي",
  "list-desc-2": "شقة فاخرة 2 غرفة بإطلالات على برج خليفة والنافورة!",
  "list-title-3": "زيادة دخلك الإيجاري",
  "list-desc-3": "شقة فاخرة 3 غرف في العنوان جي بي آر مع إطلالات على عين دبي!",
  "list-btn": "اكتشف قائمتك",
  "list-property-desc-1": "استمتع بتجربة خالية من المتاعب. نحن نتولى كل جانب من جوانب منزلك العطلات، من التسويق والحجوزات إلى تسجيل وصول الضيوف والصيانة. تفاني فريقنا يضمن العناية المثلى بممتلكاتك، مما يتيح لك الاسترخاء وجني الفوائد.",
  "list-property-desc-2": "اعرض ممتلكاتك أمام عالم من المسافرين. شبكتنا التسويقية الواسعة، بما في ذلك أفضل منصات الحجز ووسائل التواصل الاجتماعي، تجذب الضيوف من جميع أنحاء العالم. من خلال التعاون معنا، تستفيد من مجموعة كبيرة من الضيوف المحتملين.",
  "list-property-desc-3": "نحن نعلم كيفية تحسين دخلك من الإيجارات. من خلال استراتيجيات تسعير ديناميكية، يضمن فريقنا المتخصص حصولك على أفضل عوائد ممكنة على استثمارك. سواء كان لديك عقار واحد أو محفظة عقارية، فإننا نخصص خدماتنا لتناسب احتياجاتك.",
  

  "embrace-title": "احتضن التجارب الاستثنائية، مغامرتك تبدأ هنا",
  "embrace-desc-1": "احتضن الاستثنائي بينما تتكشف مغامرتك. كل يوم هو فرصة جديدة لتجارب مشوقة وذكريات لا تُنسى.",
  "embrace-desc-2": "من المناظر الهادئة إلى الإثارة الحضرية، مغامرتك الحلم على بعد خطوة واحدة فقط. استعد للانغماس في عالم من الاحتمالات.",

  "blog-title": "آخر الأخبار",
    "blog-desc": "لوريم إيبسوم: لوريم إيبسوم دولور سيت أميت، كونسيكتيتور أديبيسكينغ إيليت، سيد دو إيوسيمود تيمبور إنكيديديونت أوت لابوري إت دولوري",
  "blog-title-1": "الدليل النهائي لقضاء عطلة مثالية",
  "blog-desc-1": "شقة 3 غرف مشرقة + غرفة خادمة بإطلالات على كريك هاربر!",
  "blog-title-2": "لماذا منزل العطلة أفضل من الفندق",
  "blog-desc-2": "شقة فاخرة 2 غرفة بإطلالات على برج خليفة والنافورة!",
  "blog-title-3": "أفضل 10 أنشطة للاستمتاع بها بالقرب من وسط المدينة - دبي",
  "blog-desc-3": "شقة فاخرة 3 غرف في العنوان جي بي آر مع إطلالات على عين دبي!",
  "blog-btn": "عرض المزيد",

  "english": "الإنجليزية",
  "arabic": "العربية",

  "footer-desc": "لوريم إيبسوم دولور سيت أميت، كونسيكتيتور أديبيسيسينغ إيليت. سيد دو إييسمود تيمبور إنسيديدنت أوت لابوري إت دولوري ماجنا أليكوا. أوت إينيم أد مينيم فينيام، كويز نوستريد إكسرسيتاشن أولامكو لابوريس نيسي أوت أليكيوب إكس إيا كومودو كونسيكوات. دويس أوتي إيور دولور.",
  "footer-subscribe": "احصل على تحديثات حصرية، اشترك في نشرتنا الإخبارية",
  "subscribe": "اشترك",
  "email": "البريد الإلكتروني",
  "pages": "الصفحات",
  "home": "الرئيسية",
  "explore-destination": "استكشاف الوجهات",
  "faq": "الأسئلة الشائعة",
  "address": "المكتب 609، مبنى البيان، مجمع دبي للاستثمار - 1، دبي، الإمارات العربية المتحدة",
  "final-hint-1": "© 2023 بواسطة",
  "final-hint-2": "مدعوم من",
  "terms-and-conditions": "الشروط والأحكام",
  "privacy-policy": "سياسة الخصوصية",
  "search": "بحث",
  "guest": "الضيوف",
  "location": "الموقع",
  

  "welcome-auth": "مرحبًا بك في فورشور",
  "password": "كلمة المرور",
  "or-continue": "أو متابعة باستخدام",
  "remember-me": "تذكرني",
  "new-member": "عضو جديد؟",
  "forget-password": "نسيت كلمة المرور",
  "already-member": "هل أنت عضو بالفعل؟",
  "i-agree": "أوافق على",
  "name": "الاسم",
  "number": "الرقم",
  "retype-password": "أعد كتابة كلمة المرور",
  "about-hint-1": "حول FORESHORE PREMIER",
  "about-text-1": "منتجعات عطلات PREMIER",
  "about-sub-title": "ما الذي نقوم به",
  "about-desc": "لوريم إيبسوم: لوريم إيبسوم دولور سيت أميت، كونسيكتيتور أديبيسكينج إليت، سيد دو إيوسمود تيمبور إنسيديدنت أوت لابور إت دولور",
  "about-desc-1": "في Foreshore Holiday Homes، نحن لا نقدم فقط بيوت عطلات، بل نصنع الذكريات. تبدأ قصتنا بشغف للضيافة وتقدير عميق لفن السفر. نحن نؤمن بأن كل رحلة يجب أن تكون مليئة بالراحة والسهولة ولمسة من الفخامة.",
  "about-desc-2": "سواء كنت تبحث عن ملاذ هادئ، مغامرة عائلية، أو ملاذ رومانسي، فإن Foreshore Holiday Homes هي بوابتك لتجارب لا تُنسى في مدينة دبي النابضة بالحياة.",
  "about-desc-3": "التزامنا بالخدمة الاستثنائية والانتباه للتفاصيل يضمن أن إقامتك معنا ستكون مميزة. تعال واستكشف عالم بيوت العطلات لدينا، ودعنا نكون جزءًا من قصة رحلتك. مرحبًا بك في Foreshore Holiday Homes، حيث كل إقامة هي مغامرة جديدة تنتظر أن تُكتب.",
  "about-desc-4": "Foreshore Holiday Homes ليست مجرد مكان للإقامة؛ إنها وعد بالراحة ودعوة لتجربة دبي كالسكان المحليين. في قلب هذه المدينة الصاخبة، تقدم منازل العطلات لدينا مزيجًا مثاليًا من وسائل الراحة الحديثة ودفء المنزل.",
  "about-desc-5": "سواء كنت هنا للعمل أو الترفيه، فإن أماكن الإقامة لدينا تلبي جميع احتياجاتك. تم تصميم كل عقار بعناية، ومؤثث بشكل مثالي، ومجهز بجميع الأساسيات. لكنها ليست فقط عن الداخل؛ بل عن التجارب. من الاستيقاظ على مناظر خلابة إلى استكشاف الكنوز المخفية في المدينة، توفر منازل العطلات لدينا القاعدة المثالية لمغامراتك في دبي.",
  "about-desc-6": "عند خروجك، ستجد نفسك وسط معالم شهيرة وأسواق نابضة بالحياة ومطاعم فاخرة. مهمتنا بسيطة: جعل إقامتك استثنائية وذكرياتك لا تُنسى. مرحبًا بك في Foreshore Holiday Homes، حيث نفخر بتحويل زيارتك لدبي إلى رحلة مميزة.",
  "wonder-title": "ربما تتساءل",
  "wonder-ques-1": "هل هناك حد لاستهلاك المياه والكهرباء؟",
  "wonder-ans-1": "يشمل الإيجار استهلاك المياه والكهرباء القياسي. ومع ذلك، إذا تجاوز استهلاكك الحدود الشهرية المحددة من هيئة كهرباء ومياه دبي (ديوا)، فقد يتم تطبيق رسوم استهلاك إضافي.",
  "wonder-ques-2": "ما أنواع بيوت العطلات التي تقدمها Foreshore؟",
  "wonder-ans-2": "تقدم Foreshore مجموعة متنوعة من بيوت العطلات في دبي، بما في ذلك الشقق والفلل وحتى البنتهاوس الفاخرة. نحن نوفر خيارات إقامة تناسب جميع التفضيلات وأحجام المجموعات.",
  "wonder-ques-3": "هل العقارات المدرجة مفروشة ومجهزة بالكامل؟",
  "wonder-ans-3": "نعم، جميع العقارات المدرجة لدينا مفروشة بالكامل ومجهزة بأجهزة أساسية، ومنسوجات عالية الجودة، ومنتجات استحمام ومطبخ، ومرافق. راحتك وراحتك هما أولويتنا القصوى.",
  "wonder-ques-4": "هل يمكنني الوصول إلى المرافق المتوفرة في الموقع مثل حمامات السباحة ومراكز اللياقة البدنية؟",
  "wonder-ans-4": "تقدم معظم العقارات لدينا إمكانية الوصول إلى المرافق في الموقع، مثل حمامات السباحة ومراكز اللياقة البدنية إذا كانت جزءًا من مرافق المناطق المشتركة. ومع ذلك، قد تكون بعض المرافق في مواقع خارجية بسبب قيود البناء. لا تتردد في الاستفسار عن مرافق العقار أثناء عملية الحجز.",
  "wonder-ques-5": "هل تتوفر خدمات إنترنت عالية السرعة وخدمات التلفزيون مجانًا؟",
  "wonder-ans-5": "بالتأكيد. تشمل جميع بيوت العطلات لدينا إنترنت عالي السرعة مجاني، وبرامج تلفزيونية أساسية، وخدمات هاتفية. يرجى ملاحظة أن الرسوم الإضافية قد تنطبق على برامج التلفزيون حسب الطلب والمكالمات الهاتفية (المحلية والدولية)، والتي سيتم خصمها من مبلغ التأمين الخاص بك.",
  "wonder-ques-6": "كيف يمكنني طلب خدمات تنظيف إضافية أثناء إقامتي؟",
  "wonder-ans-6": "إذا كنت ترغب في خدمات تنظيف إضافية أثناء إقامتك، فإننا نوفر حزمة تنظيف منتظمة تشمل استبدال البياضات والمناشف، وترتيب الملاءات، وتنظيف الشقة، وتجديد مستلزمات النظافة. أسعار خدمات التنظيف الإضافية متوفرة عند الطلب ويمكن ترتيبها أثناء إقامتك.",

  "terms-title-1": "مواعيد تسجيل الوصول والمغادرة",
  "terms-title-1-option-1": "وقت تسجيل الوصول القياسي هو من الساعة 3 مساءً حتى الساعة 9 مساءً، ووقت تسجيل المغادرة بين الساعة 10 صباحًا و12 ظهرًا.",
  "terms-title-1-option-2": "طلبات تسجيل الوصول المبكر أو تسجيل المغادرة المتأخر يجب أن تتم الموافقة عليها مسبقًا وتعتمد على توافر العقار. يُرجى الاتصال بنا مسبقًا لهذه الطلبات.",
  "terms-title-1-option-3" : "يجب على الضيوف مغادرة العقار في الوقت المتفق عليه لتسجيل المغادرة. التأخيرات غير المصرح بها ستؤدي إلى فرض رسوم إضافية.",

  "terms-title-2": "الخدمات والمرافق",
  "terms-title-2-option-1": "جميع عقاراتنا مؤثثة بالكامل ومجهزة بالأجهزة القياسية، والمفروشات، وأساسيات الحمام والمطبخ.",
  "terms-title-2-option-2": "سيكون للضيوف إمكانية الوصول إلى مرافق العقار، وحيثما ينطبق الأمر، مرافق المناطق المشتركة مثل حمامات السباحة ومراكز اللياقة البدنية. توفر بعض العقارات الوصول إلى مرافق أو نوادٍ خارج الموقع بسبب قيود البناء في دبي.",
  "terms-title-2-option-3": "استهلاك الماء والكهرباء مشمول في الحجز. سيتم فرض رسوم إضافية على الاستخدام المفرط كما تحدده فواتير هيئة كهرباء ومياه دبي (ديوا).",
  "terms-title-2-option-4": "تتضمن العقارات إنترنت عالي السرعة مجاني، وبرامج تلفزيونية أساسية، وخدمات هاتفية. قد يتم تطبيق رسوم إضافية على البرامج التلفزيونية عند الطلب أو المكالمات الهاتفية، ويتم خصمها من التأمين.",
  "terms-title-2-option-5": "يتم توفير مفروشات الأسرة، ومناشف الحمام، ولوازم الاستحمام، وورق التواليت عند الوصول ويمكن تجديدها مقابل رسوم إضافية.",

  "terms-title-3": "رسوم التنظيف",
  "terms-title-3-option-1": "تشمل رسوم التنظيف خدمة تنظيف لمدة ثلاث ساعات بعد تسجيل المغادرة.",
  "terms-title-3-option-2": "يمكن للضيوف طلب خدمات تنظيف إضافية، بما في ذلك استبدال المفروشات والمناشف، وترتيب الأغطية، وتنظيف الشقة، وتجديد لوازم الاستحمام بأسعار محددة.",

  "terms-title-4": "عند تسجيل المغادرة",
  "terms-title-4-option-1": "يجب على الضيوف إزالة جميع الأطعمة القابلة للتلف من الثلاجة قبل تسجيل المغادرة.",

  "terms-title-5": "التأمين القابل للاسترداد",
  "terms-title-5-option-1": "يتطلب دفع تأمين قابل للاسترداد، ويختلف المبلغ بناءً على نوع العقار. يغطي أي أضرار، أو سوء استخدام، أو استخدام المرافق العرضي.",
  "terms-title-5-option-2": "سيتم استرداد مبلغ التأمين بالكامل بعد إجراء فحص نهائي.",

  "terms-title-6": "مدونة السلوك والتصرف",
  "terms-title-6-option-1": "يُتوقع من الضيوف الالتزام بمدونة سلوك، واحترام الجيران وتجنب الإزعاج مثل الموسيقى الصاخبة.",
  "terms-title-6-option-2": "الحفلات مع الموسيقى الصاخبة أو الضوضاء غير مسموح بها وقد تؤدي إلى الإخلاء.",
  "terms-title-6-option-3": "يمكن للضيوف استقبال زوار خارجيين بموافقة مسبقة والالتزام بقواعد المجتمع.",

  "terms-title-7": "الحيوانات الأليفة والتدخين",
  "terms-title-7-option-1": "جميع عقاراتنا خالية من الحيوانات الأليفة والتدخين. سيؤدي التدخين أو وجود الحيوانات الأليفة بدون إذن إلى فرض رسوم تنظيف.",

  "terms-title-8": "التعريفات والرسوم",
  "terms-title-8-option-1": "يجب دفع المبلغ بالكامل قبل الانتقال إلى الوحدة.",
  "terms-title-8-option-2": "أي رسوم أو مصاريف تفرضها المؤسسات المالية على المدفوعات هي مسؤولية الضيف.",

  "terms-title-9": "رسوم السياحة في دبي",
  "terms-title-9-option-1": "يتحمل الضيوف مسؤولية دفع رسوم السياحة في دبي، وهي تنطبق على أول 30 ليلة من إقامتهم.",
  "terms-title-10": "الحجوزات المدفوعة والإلغاءات وعدم الحضور",
  "terms-title-10-option-1": "تُطبق رسوم الإلغاء على الإلغاءات التي تتم خلال سبعة أيام من تاريخ تسجيل الوصول.",
  "terms-title-10-option-2": "الودائع المقدمة غير قابلة للاسترداد للإلغاءات التي تتم قبل سبعة أيام أو أقل من تسجيل الوصول.",

  "terms-title-11": "تغييرات في تواريخ الحجز",
  "terms-title-11-option-1": "يمكن للضيوف تغيير تواريخ الحجز بناءً على التوافر. يمكن أيضًا تمديد الإيجارات الشهرية والسنوية.",

  "terms-title-12": "تغيير العقار",
  "terms-title-12-option-1": "يمكن للضيوف تغيير العقار المحجوز إذا كان متاحًا، مع دفع رسوم إعادة التخصيص وأي فرق في السعر.",
  "terms-title-12-option-2": "يتم استرداد فرق السعر فقط إذا تم طلبه قبل 30 يومًا أو أكثر من تسجيل الوصول.",

  "terms-title-13": "المفقودات والموجودات",
  "terms-title-13-option-1": "يجب على الضيوف الذين يتركون أغراضًا شخصية التواصل معنا فورًا لتنسيق استعادتها. قد تُطبق رسوم البريد السريع.",

  "terms-title-14": "الأنشطة القانونية",
  "terms-title-14-option-1": "العقارات مخصصة للسكن فقط؛ سيتم الإبلاغ عن أي أنشطة مشبوهة إلى السلطات.",
  "terms-title-14-option-2": "لا يتحمل المدير أي مسؤولية عن أي أنشطة غير قانونية يقوم بها الضيوف.",

  "terms-title-15": "فقدان المفاتيح وبطاقات الوصول",
  "terms-title-15-option-1": "تُطبق رسوم على فقدان مفاتيح العقار أو بطاقات الوصول أو أجهزة التحكم الخاصة بمواقف السيارات.",

  "terms-title-16": "خدمات أخرى",
  "terms-title-16-option-1": "يمكن طلب خدمات إضافية مثل تصاريح التأشيرات، وخدمات النقل من وإلى المطار، وأدلة المدينة من خلال مدير علاقات الضيوف.",

  "terms-title-17": "حالات الطوارئ",
  "terms-title-17-option-1": "توفر أرقام الطوارئ عند مدخل كل عقار.",
  "terms-title-17-option-2": "يُتوقع من الضيوف توخي الحذر واتباع إرشادات السلامة لتجنب الإصابات.",

  "terms-title-18": "عدم تحمل المسؤولية",
  "terms-title-18-option-1": "يوافق الضيوف على تعويض وحماية مالك العقار والمدير من أي مطالبات أو مسؤوليات أو سرقات أو أضرار أو نفقات تتعلق بإقامتهم.",
  "terms-title-18-option-2": "يجب على الضيوف الانتباه لسلامتهم وسلامة الأشخاص المرافقين، خاصة الأطفال. لا تتحمل المسؤولية عن الإصابات الناتجة عن الإهمال.",
  
  "policy-desc": "في شركة Foreshore Holiday Homes، نقدر خصوصيتك بشكل كبير ونلتزم بحماية معلوماتك الشخصية وتفاصيلك. تأكد أن خصوصيتك وبياناتك الشخصية لها أهمية قصوى لدينا.",
  "policy-title-1": "سرية المعلومات",
  "policy-desc-1": "جميع المعلومات الشخصية والتفاصيل التي تشاركها معنا ستبقى سرية. تُستخدم هذه التفاصيل فقط من قبل فريقنا المخصص لضمان تقديم الخدمات التي ترغب بها بسلاسة.",

  "policy-title-2": "الوصول إلى العقار",
  "policy-desc-2": "في حالة وجود عروض مشاهدة محتملة من قبل ضيوف آخرين أو مستثمرين مستقبليين، قد يتطلب الأمر الوصول إلى عقارك. نحترم خصوصيتك، ولن يتم هذا الوصول إلا بموافقتك المسبقة. سنقدم لك إشعارًا قبل 24 ساعة للتأكد من أنك على علم وترحيب بهذا الترتيب. سيتم الإشراف على جميع عمليات الوصول من قبل أفراد مخولين، وقد لا تكون حضورك ضروريًا أثناء العرض.",

  "policy-title-3": "تفاصيل الدفع والمعلومات الشخصية",
  "policy-desc-3": "تلتزم Foreshore Holiday Homes بممارسات أمان بيانات صارمة. لا نقوم بتخزين أو بيع أو مشاركة أو تأجير أو تأجير أي تفاصيل بطاقات ائتمان/خصم أو معلومات شخصية يمكن تحديدها إلى أي أطراف ثالثة. يتم التعامل مع بياناتك المالية والشخصية بأقصى درجات العناية والاهتمام.",

  "policy-title-4": "سياسات الموقع والشروط والأحكام",
  "policy-desc-4": "قد تخضع سياسات الموقع والشروط والأحكام الخاصة بنا لتغييرات أو تحديثات بشكل دوري لتلبية المتطلبات والمعايير المتطورة. نشجع عملاءنا على زيارة هذه الأقسام بانتظام للبقاء على اطلاع بأي تعديلات على سياسات الموقع. ستكون أي تغييرات سارية المفعول اعتبارًا من يوم نشرها.",

  "policy-title-5": "المدفوعات عبر الإنترنت",
  "policy-desc-5": "نوفر خيارات دفع آمنة عبر الإنترنت لراحتك. تقبل Foreshore Holiday Homes بطاقات الائتمان/الخصم Visa وMasterCard بالدرهم الإماراتي للمعاملات عبر الإنترنت.",

  "policy-title-6": "الامتثال لـ OFAC",
  "policy-desc-6": "تلتزم Foreshore Holiday Homes تمامًا بقوانين وأنظمة دولة الإمارات العربية المتحدة. لا نقوم بأي معاملات أو نقدم خدمات أو منتجات لأفراد أو كيانات مرتبطة بالدول الخاضعة لعقوبات مكتب مراقبة الأصول الأجنبية (OFAC).",

  "policy-title-7": "حل النزاعات",
  "policy-desc-7": "أي نزاع أو مطالبة تنشأ عن أو تتعلق بهذا الموقع ستخضع للقوانين الإماراتية وتُفسر وفقًا لها. نحن ملتزمون بحماية خصوصيتك، كما أن التزامنا بأمان البيانات والسرية ثابت. لا تتردد في الاتصال بنا إذا كانت لديك أي أسئلة أو استفسارات حول سياسات الخصوصية الخاصة بنا.",

  "first-name": "الاسم الأول",
  "last-name": "اسم العائلة",
  "message": "الرسالة",
  "phone": "رقم الهاتف",
  "submit": "إرسال",
  "contact-hint": "اتصل بنا",
  "contact-title" : "لحجز رحلتك",
  "contact-info" : "معلومات الاتصال",

  "blog-name": "لماذا تعتبر المنازل العطلات أفضل من الفنادق",
  "blog-date": "12 فبراير 2024",
  "blog-desc-details": "توجد العديد من الإصدارات المختلفة من نص لوريم إيبسوم، ولكن معظمها تعرض للتغيير بطريقة ما، من خلال إدخال الفكاهة أو كلمات عشوائية تبدو غير منطقية. إذا كنت ستستخدم نص لوريم إيبسوم، عليك التأكد من عدم وجود أي محتوى محرج مخفي في وسط النص. جميع مولدات لوريم إيبسوم على الإنترنت تميل إلى تكرار أجزاء محددة مسبقاً حسب الضرورة، مما يجعل هذا أول مولد حقيقي على الإنترنت. فهو يستخدم قاموسًا يحتوي على أكثر من 200 كلمة لاتينية، مدمجة مع عدد قليل من الكلمات.",
  "share-by": "شارك بواسطة",
  "blog-name-writer": "ويليام واتسون",
  "blog-desc-writer": "مرحبًا! أيها الأشخاص الجميلون. أنا كاتب هذا المقال. اقرأ منشوراتنا - ابق معنا",


  "property-name": "شقة بغرفة نوم واحدة بإطلالة على برج خليفة",
  "filter-by-type": "تصفية حسب النوع",
  "property-description": "الوصف",
  "property-feature": "المميزات",
  "property-location": "الموقع",
  "property-description-details": "ذا ستيرلينغ من أومنيات هو برج سكني مميز في قلب دبي. توفر أبراجه التوأم إطلالات غير منقطعة على برج خليفة، الذي يعد بلا شك واحدًا من أبرز معالم المدينة. بالإضافة إلى ذلك، يبدو أن موقع المبنى مذهل، حيث يقع بين منطقة برج خليفة وقناة دبي المائية الخلابة. يعتبر السطح البلاتيني للبرج إضافة ممتازة، مما يضفي لمسة فاخرة على المبنى.",
  "swimming-pool": "حمام سباحة",
  "gym": "صالة رياضية",
  "barbecue-area": "منطقة شواء",
  "landscaped-gardens": "حدائق منسقة",
  "cafe-and-restaurants": "مقاهي ومطاعم",
  "spa": "سبا",
  "children's-playground": "ملعب للأطفال",
  "concierge": "الكونسيرج",
  "cinema": "سينما",
  "allocated-parking-included": "يشمل موقف سيارات مخصص",
  "24/7-security": "أمن على مدار الساعة",
  "amenities": "وسائل الراحة",
  "bathroom": "حمام",
  "bath": "حوض استحمام",
  "hair-dryer": "مجفف شعر",
  "cleaning-products": "منتجات تنظيف",
  "shampoo": "شامبو",
  "conditioner": "بلسم",
  "body-soap": "صابون للجسم",
  "bidet": "بيديه",
  "outdoor-shower": "دش خارجي",
  "Hot water": "ماء ساخن",
  "shower-gel": "جل استحمام",
  "Bedroom and laundry": "غرفة النوم والغسيل",
  "Washing machine": "غسالة",
  "dryer": "مجفف",
  "essentials": "أساسيات",
  "hangers": "علاقات ملابس",
  "bed-linen": "بياضات السرير",
  "extra-pillows-and-blankets": "وسائد وبطانيات إضافية",
  "room-darkening-blinds": "ستائر تعتيم",
  "iron": "مكواة",
  "clothes-drying-rack": "منشر ملابس",
  "safe": "خزنة",
  "clothes-storage": "تخزين الملابس",
  "entertainment": "ترفيه",
  "ethernet-connection": "اتصال إيثرنت",
  "TV": "تلفزيون",
  "exercise-equipment-free-weights-treadmill": "معدات رياضية: أوزان حرة، جهاز مشي",
  "arcade-games": "ألعاب أركيد",
  "family": "عائلي",
  "baby-bath": "حوض استحمام للأطفال",
  "window-guards": "حمايات للنوافذ",
  "children’s-playroom": "غرفة لعب للأطفال",
  "heating-and-cooling": "التدفئة والتبريد",
  "central-air-conditioning": "تكييف هواء مركزي",
  "heating": "تدفئة",
  "home-safety": "السلامة المنزلية",
  "smok-alarm": "كاشف دخان",
  "carbon-monoxide-alarm": "كاشف أول أكسيد الكربون",
  "fire-extinguisher": "طفاية حريق",
  "first-aid-kit": "عدة إسعافات أولية",
  "interne-an-office": "الإنترنت والمكتب",
  "wifi": "واي فاي",
  "dedicated-workspace": "مساحة عمل مخصصة",
  "kitchen-and-dining": "المطبخ وتناول الطعام",

  "book-now": "احجز الآن",
  "download": "تحميل",
  "dubai-UAE": "دبي، الإمارات العربية المتحدة",



  "destination-hint": "اكتشف",
  "destination-title": " وجهاتك أحلامك",
  "our-properties": "عقاراتنا",

  "property-type": "نوع العقار",
  "property-size": "حجم العقار",
  "type": "النوع",
  "size": "الحجم",
  "title": "العنوان",
  "title-deep": "العنوان التفصيلي",
  "ready": "جاهز",
  "furnishing": "التأثيث",
  "bathrooms": "الحمامات",
  "bedrooms": "غرف النوم",
  "next" : "التالي",
  "basic-info": "المعلومات الأساسية",
  "documents": "الوثائق",
  "confirm": "تأكيد",
  "back": "رجوع",
  "city": "المدينة",
  "region": "المنطقة",
  "street": "الشارع",
  "building": "البناية",
  "files": "الملفات",
  "floor": "الطابق",
  "drop-files": "اسحب وأفلت بعض الملفات هنا، أو انقر لاختيار الملفات",
  "yes" : "نعم",
  "no" : "لا",
  "cancel" : "إلغاء",
  "see-more" : "قراءة المزيد",

  
  "dubai": "دبي",
  "abo": "أبو ظبي",
  "sharjah": "الشارقة"

}